{"0": {"mse": 1493.6033014546306, "time": 228.64407992362976, "n_neurons": 48.68748092651367}}