{"0": {"mse": 2.6340913377129445, "time": 420.85684037208557, "n_neurons": 49, "weight_decay": 