{"0": {"mse": 168.1652649902874, "time": 363.7290196418762, "n_neurons": 52.33551788330078}, "1": {"mse": 401.0888122494995, "time": 358.7018976211548, "n_neurons": 49.8543586730957}, "2": {"mse": 305.88326112043717, "time": 355.794086933136, "n_neurons": 52.39748764038086}, "3": {"mse": 190.3211171805154, "time": 354.28232741355896, "n_neurons": 49.393531799316406}, "4": {"mse": 314.6348194729373, "time": 380.48731803894043, "n_neurons": 49.70374298095703}}