{"0": {"mse": 0.3782898837765197, "time": 289.54818773269653, "n_neurons": 2.3822174072265625}}