{"0": {"mse": 110.73153696736921, "time": 354.7197391986847, "n_neurons": 5.65875244140625}, "1": {"mse": 6.480702064368702, "time": 347.487423658371, "n_neurons": 2.5393218994140625}, "2": {"mse": 41.95041872036033, "time": 345.11570048332214, "n_neurons": 2.8686370849609375}, "3": {"mse": 0.2714875497348162, "time": 346.876647233963, "n_neurons": 2.066497802734375}, "4": {"mse": 1.0135274715543603, "time": 365.6280052661896, "n_neurons": 2.31121826171875}}