{"0": {"mse": 12.977102103258298, "time": 30.059123754501343, "n_neurons": 100.0}, "1": {"mse": 12.836987867698095, "time": 20.766896963119507, "n_neurons": 100.0}, "2": {"mse": 13.143895387001601, "time": 20.313063859939575, "n_neurons": 100.0}, "3": {"mse": 13.63987198359636, "time": 21.11990737915039, "n_neurons": 100.0}, "4": {"mse": 12.477327273069207, "time": 20.05800199508667, "n_neurons": 100.0}}