{"0": {"mse": 13.193194633192041, "time": 11.801292657852173, "n_neurons": 100.0}, "1": {"mse": 12.880111689433653, "time": 12.597358226776123, "n_neurons": 100.0}, "2": {"mse": 12.834603338378326, "time": 12.199283361434937, "n_neurons": 100.0}, "3": {"mse": 12.675395963762405, "time": 11.999188899993896, "n_neurons": 100.0}, "4": {"mse": 12.526782493238981, "time": 12.905144929885864, "n_neurons": 100.0}}