{"0": {"mse": 0.0014090160546239546, "time": 22.514110803604126, "n_neurons": 100}, "1": {"mse": 0.01469951305491804, "time": 52.5032114982605, "n_neurons": 100}, "2": {"mse": 96.39661652273757, "time": 13.424941539764404, "n_neurons": 100}, "3": {"mse": 102.75483921758395, "time": 8.151176929473877, "n_neurons": 100}, "4": {"mse": 0.0014014552792050515, "time": 17.481388807296753, "n_neurons": 100}, "5": {"mse": 0.016709164175691505, "time": 37.747867584228516, "n_neurons": 100}, "6": {"mse": 96.42023998655655, "time": 17.04161548614502, "n_neurons": 100}, "7": {"mse": 103.0365272654618, "time": 13.463998079299927, "n_neurons": 100}, "8": {"mse": 0.0014027184041357143, "time": 22.54535961151123, "n_neurons": 100}, "9": {"mse": 0.015915576999864147, "time": 50.13244700431824, "n_neurons": 100}, "10": {"mse": 96.52594055445378, "time": 11.553914785385132, "n_neurons": 100}, "11": {"mse": 102.82032756394005, "time": 7.928562641143799, "n_neurons": 100}}