{"0": {"mse": 15.274898328474391, "time": 567.9233753681183, "n_neurons": 1, "weight_decay": 1e-10}, "1": {"mse": 740.5734848374677, "time": 599.7554266452789, "n_neurons": 1, "weight_decay": 1e-10}, "2": {"mse": 114.0880483180476, "time": 475.68599939346313, "n_neurons": 1, "weight_decay": 1e-10}, "3": {"mse": 813.702172090887, "time": 588.2635097503662, "n_neurons": 1, "weight_decay": 1e-10}, "4": {"mse": 17.050650131691075, "time": 470.5924880504608, "n_neurons": 1, "weight_decay": 1e-10}, "5": {"mse": 684.7884531086853, "time": 585.5806934833527, "n_neurons": 1, "weight_decay": 1e-10}, "6": {"mse": 114.08789615812411, "time": 479.12530517578125, "n_neurons": 1, "weight_decay": 1e-10}, "7": {"mse": 734.9222519298121, "time": 561.0226609706879, "n_neurons": 2, "weight_decay": 0.0019531250998046875}, "8": {"mse": 0.082702303906216, "time": 450.30742263793945, "n_neurons": 2, "weight_decay": 1e-10}, "9": {"mse": 684.7949135763827, "time": 560.7589416503906, "n_neurons": 1, "weight_decay": 1e-10}, "10": {"mse": 114.0753966189854, "time": 447.6785056591034, "n_neurons": 1, "weight_decay": 1e-10}, "11": {"mse": 814.4555426644519, "time": 563.4810314178467, "n_neurons": 1, "weight_decay": 1e-10}}
