{"0": {"mse": 4.1673334316420885, "time": 246.4195511341095, "n_neurons": 50.0, "weight_decay": 0.0013840572210028768}, "1": {"mse": 69.76063537086213, "time": 264.1485345363617, "n_neurons": 49.0, "weight_decay": 0.0015767421573400497}, "2": {"mse": 96.99322077593672, "time": 243.2181739807129, "n_neurons": 49.0, "weight_decay": 4.648801404982805e-05}, "3": {"mse": 142.7841909498328, "time": 260.9503951072693, "n_neurons": 48.0, "weight_decay": 0.006746173836290836}, "4": {"mse": 3.195285995700025, "time": 248.21014833450317, "n_neurons": 49.0, "weight_decay": 8.47743358463049e-05}, "5": {"mse": 58.35170879025701, "time": 265.8847405910492, "n_neurons": 49.0, "weight_decay": 0.00812771450728178}, "6": {"mse": 104.11420772406365, "time": 248.87769865989685, "n_neurons": 48.0, "weight_decay": 0.001445877831429243}, "7": {"mse": 167.12639953851368, "time": 272.21137952804565, "n_neurons": 50.0, "weight_decay": 0.021089185029268265}, "8": {"mse": 3.788126699520606, "time": 260.2254741191864, "n_neurons": 49.0, "weight_decay": 0.0015675086760893464}, "9": {"mse": 58.04552742737088, "time": 264.9874105453491, "n_neurons": 51.0, "weight_decay": 0.0027909937780350447}, "10": {"mse": 96.56014645646513, "time": 246.9961223602295, "n_neurons": 47.0, "weight_decay": 0.0002712630666792393}, "11": {"mse": 126.3530240460169, "time": 262.606956243515, "n_neurons": 47.0, "weight_decay": 0.0020648385398089886}}