{"0": {"mse": 941.3224003460987, "time": 383.07413601875305, "n_neurons": 49.8543815612793}, "1": {"mse": 259.72314826159493, "time": 419.6178092956543, "n_neurons": 50.28184509277344}, "2": {"mse": 235.67113381721967, "time": 455.1421608924866, "n_neurons": 51.480072021484375}}