{"0": {"mse": 39.78376490650933, "time": 373.237197637558, "n_neurons": 2.619384765625}, "1": {"mse": 38.41575493949188, "time": 375.5856020450592, "n_neurons": 2.338409423828125}, "2": {"mse": 2.43193978267125, "time": 375.142617225647, "n_neurons": 2.0861358642578125}}