{"0": {"mse": 17.050636119716383, "time": 269.61952662467957, "n_neurons": 1.0, "weight_decay": 1e-10}, "1": {"mse": 685.5980032237703, "time": 327.91122817993164, "n_neurons": 1.0, "weight_decay": 1e-10}, "2": {"mse": 114.07636580870734, "time": 263.0360119342804, "n_neurons": 1.0, "weight_decay": 1e-10}, "3": {"mse": 779.7628363640948, "time": 328.8753864765167, "n_neurons": 2.0, "weight_decay": 0.0019531250998046875}, "4": {"mse": 0.020485506717668116, "time": 262.7245500087738, "n_neurons": 2.0, "weight_decay": 1e-10}, "5": {"mse": 685.0119494918094, "time": 328.75727128982544, "n_neurons": 1.0, "weight_decay": 1e-10}, "6": {"mse": 114.07643101101417, "time": 263.81049513816833, "n_neurons": 1.0, "weight_decay": 1e-10}, "7": {"mse": 813.6927324063513, "time": 331.0439076423645, "n_neurons": 1.0, "weight_decay": 1e-10}, "8": {"mse": 14.70447232202422, "time": 263.7047243118286, "n_neurons": 2.0, "weight_decay": 1e-10}, "9": {"mse": 740.855114259127, "time": 330.0945281982422, "n_neurons": 1.0, "weight_decay": 1e-10}, "10": {"mse": 114.0762313062793, "time": 263.13419222831726, "n_neurons": 1.0, "weight_decay": 1e-10}, "11": {"mse": 842.562454175669, "time": 328.64180183410645, "n_neurons": 1.0, "weight_decay": 1e-10}}