{"0": {"mse": 0.0014092988824269544, "time": 7.925283908843994, "n_neurons": 100.0, "weight_decay": 0.001}, "1": {"mse": 0.016342395572972575, "time": 14.582135677337646, "n_neurons": 100.0, "weight_decay": 0.001}, "2": {"mse": 96.62534073310721, "time": 5.890820264816284, "n_neurons": 100.0, "weight_decay": 0.001}, "3": {"mse": 103.92625418491703, "time": 4.2526679039001465, "n_neurons": 100.0, "weight_decay": 0.001}, "4": {"mse": 0.0014137278849129327, "time": 7.827802419662476, "n_neurons": 100.0, "weight_decay": 0.001}, "5": {"mse": 0.018047141034287797, "time": 14.016823530197144, "n_neurons": 100.0, "weight_decay": 0.001}, "6": {"mse": 96.48494521026069, "time": 3.808861017227173, "n_neurons": 100.0, "weight_decay": 0.001}, "7": {"mse": 103.95936871624741, "time": 6.0607709884643555, "n_neurons": 100.0, "weight_decay": 0.001}, "8": {"mse": 0.001420274496475525, "time": 5.9296934604644775, "n_neurons": 100.0, "weight_decay": 0.001}, "9": {"mse": 0.016907103543557806, "time": 16.035160064697266, "n_neurons": 100.0, "weight_decay": 0.001}, "10": {"mse": 96.444017273512, "time": 3.8413212299346924, "n_neurons": 100.0, "weight_decay": 0.001}, "11": {"mse": 102.79619358857244, "time": 3.4127471446990967, "n_neurons": 100.0, "weight_decay": 0.001}}