{"0": {"mse": 0.12320873438521626, "time": 122.63412737846375, "n_neurons": 100.0}, "1": {"mse": 0.23259389103478229, "time": 113.25496983528137, "n_neurons": 100.0}, "2": {"mse": 0.10978869822263501, "time": 116.60504055023193, "n_neurons": 100.0}}